{
  "name": "trackball-dactyl",
  "vendorId": "0x43A1",
  "productId": "0x43A2",
  "lighting": "none",
  "matrix": {"rows": 12, "cols": 6},
  "layouts": {
    "keymap": [
      [
	{
	  "x": 3
	},
	"0,3",
      {
	"x": 7.5
      },
      "6,2"
      ],
      [
	{
	  "y": -0.87,
	  "x": 2
	},
	"0,2",
	{
	  "x": 1
	},
	"0,4",
	{
	  "x": 5.5
	},
	"6,1",
	{
	  "x": 1
	},
	"6,3"
      ],
      [
	{
	  "y": -0.88,
	  "x": 5
	},
	"0,5",
	{
	  "x": 3.5
	},
	"6,0"
      ],
      [
	{
	  "y": -0.87
	},
	"0,0",
	"0,1",
	{
	  "x": 11.5
	},
	"6,4",
	"6,5"
      ],
      [
	{
	  "y": -0.38,
	  "x": 3
	},
	"1,3",
	{
	  "x": 7.5
	},
	"7,2"
      ],
      [
	{
	  "y": -0.8700000000000001,
	  "x": 2
	},
	"1,2",
	{
	  "x": 1
	},
	"1,4",
	{
	  "x": 5.5
	},
	"7,1",
	{
	  "x": 1
	},
	"7,3"
      ],
      [
	{
	  "y": -0.8799999999999999,
	  "x": 5
	},
	"1,5",
	{
	  "x": 3.5
	},
	"7,0"
      ],
      [
	{
	  "y": -0.8700000000000001
	},
	"1,0",
	"1,1",
	{
	  "x": 11.5
	},
	"7,4",
	"7,5"
      ],
      [
	{
	  "y": -0.3799999999999999,
	  "x": 3
	},
	"2,3",
	{
	  "x": 7.5
	},
	"8,2"
      ],
      [
	{
	  "y": -0.8700000000000001,
	  "x": 2
	},
	"2,2",
	{
	  "x": 1
	},
	"2,4",
	{
	  "x": 5.5
	},
	"8,1",
	{
	  "x": 1
	},
	"8,3"
      ],
      [
	{
	  "y": -0.8799999999999999,
	  "x": 5
	},
	"2,5",
	{
	  "x": 3.5
	},
	"8,0"
      ],
      [
	{
	  "y": -0.8700000000000001
	},
	"2,0",
	"2,1",
	{
	  "x": 11.5
	},
	"8,4",
	"8,5"
      ],
      [
	{
	  "y": -0.3799999999999999,
	  "x": 3
	},
	"3,3",
	{
	  "x": 7.5
	},
	"9,2"
      ],
      [
	{
	  "y": -0.8700000000000001,
	  "x": 2
	},
	"3,2",
	{
	  "x": 1
	},
	"3,4",
	{
	  "x": 5.5
	},
	"9,1",
	{
	  "x": 1
	},
	"9,3"
      ],
      [
	{
	  "y": -0.8799999999999999,
	  "x": 5
	},
	"3,5",
	{
	  "x": 3.5
	},
	"9,0"
      ],
      [
	{
	  "y": -0.8700000000000001
	},
	"3,0",
	"3,1",
	{
	  "x": 11.5
	},
	"9,4",
	"9,5"
      ],
      [
	{
	  "y": -0.3799999999999999,
	  "x": 3
	},
	"4,3",
	{
	  "x": 7.5
	},
	"10,2"
      ],
      [
	{
	  "y": -0.8700000000000001,
	  "x": 2
	},
	"4,2",
	{
	  "x": 9.5
	},
	"10,3"
      ],
      [
	{
	  "y": -0.75
	},
	"4,0",
	"4,1",
	{
	  "x": 11.5
	},
	"10,4",
	"10,5"
      ],
      [
	{
	  "r": 30,
	  "rx": 5,
	  "ry": 4.5,
	  "x": -0.5
	},
	"4,6",
	"5,5",
	"5,4"
      ],
      [
	{
	  "x": -0.5
	},
	"4,5",
	"5,2",
	"5,3"
      ],
      [
	{
	  "r": -30,
	  "rx": 11.5,
	  "y": -0.25,
	  "x": -3
	},
	"11,2",
	"10,1"
      ],
      [
	{
	  "x": -3
	},
	"11,3",
	"11,1"
      ]
    ]
  }
}
